contact_id,email,phone,full_name,created_at
1,uma.brown1@example.com,12055295904.0,Uma Brown,2023-02-15T16:12:35
2,leo.davis2@example.com,,Leo Davis,2024-11-18T08:33:50
3,rose.perez3@example.com,14077213145.0,Rose Perez,2023-03-26T04:41:12
4,yara.smith4@example.com,,Yara Smith,2023-09-07T10:25:57
5,olivia.rodriguez5@example.com,15758787518.0,Olivia Rodriguez,2024-04-19T02:49:28
6,frank.white6@example.com,,Frank White,2024-07-30T18:55:22
7,yara.hernandez7@example.com,,Yara Hernandez,2023-05-31T05:50:52
8,leo.lopez8@example.com,18876474283.0,Leo Lopez,2025-02-12T13:02:44
9,carol.brown9@example.com,12409388692.0,Carol Brown,2025-01-09T09:27:13
10,xavier.sanchez10@example.com,,Xavier Sanchez,2024-02-03T12:16:01
11,grace.anderson11@example.com,14768170955.0,Grace Anderson,2023-07-24T06:14:46
12,david.wilson12@example.com,,David Wilson,2024-10-08T11:06:30
13,hank.moor​e13@example.com,,Hank Moore,2023-06-19T20:38:18
14,ivy.wilson14@example.com,19800052419.0,Ivy Wilson,2024-05-22T00:51:44
15,alice.perez15@example.com,16724612231.0,Alice Perez,2023-01-27T23:03:59
16,mona.lopez16@example.com,,Mona Lopez,2024-08-29T14:22:11
17,quinn.thompson17@example.com,13510099941.0,Quinn Thompson,2025-02-26T17:42:05
18,sam.harris18@example.com,,Sam Harris,2024-12-14T03:56:48
19,tina.martin19@example.com,,Tina Martin,2023-11-02T21:49:37
20,wendy.perez20@example.com,15157225460.0,Wendy Perez,2024-09-05T09:15:26
21,grace.hernandez21@example.com,,Grace Hernandez,2023-04-30T07:28:19
22,nate.johnson22@example.com,17389761042.0,Nate Johnson,2025-03-11T19:24:14
23,carol.moore23@example.com,,Carol Moore,2023-12-22T15:02:33
24,bob.jackson24@example.com,14865278607.0,Bob Jackson,2024-01-17T05:40:59
25,tina.davis25@example.com,,Tina Davis,2023-10-26T18:11:21
26,ev​a.lopez26@example.com,12933372110.0,Eva Lopez,2023-02-07T02:54:12
27,p​aul.taylor27@example.com,,Paul Taylor,2024-03-13T16:47:05
28,ivy.smith28@example.com,,Ivy Smith,2023-08-15T11:20:08
29,alice.brown29@example.com,17700584422.0,Alice Brown,2024-06-01T04:27:54
30,frank.martinez30@example.com,,Frank Martinez,2025-04-07T22:18:01
31,olivia.anderson31@example.com,15637258247.0,Olivia Anderson,2023-03-08T14:09:40
32,xavier.wilson32@example.com,,Xavier Wilson,2024-11-28T07:36:19
33,hank.thompson33@example.com,16499816603.0,Hank Thompson,2023-05-05T19:57:46
34,uma.white34@example.com,,Uma White,2024-07-03T01:11:32
35,mon​a.gonzalez35@example.com,13241385629.0,Mona Gonzalez,2023-09-19T12:48:07
36,rose.harris36@example.com,,Rose Harris,2024-02-25T10:33:15
37,bob.davis37@example.com,,Bob Davis,2023-11-13T18:22:54
38,quinn.rodriguez38@example.com,14928224573.0,Quinn Rodriguez,2024-10-21T06:44:27
39,sam.moore39@example.com,,Sam Moore,2023-06-11T23:40:12
40,wendy.hernandez40@example.com,17508363601.0,Wendy Hernandez,2025-01-29T02:05:33
41,leo.smith41@example.com,,Leo Smith,2023-04-13T08:17:26
42,grace.jackson42@example.com,,Grace Jackson,2023-12-02T16:29:57
43,yara.white43@example.com,18655611978.0,Yara White,2024-08-08T09:53:11
44,paul.martinez44@example.com,,Paul Martinez,2023-09-27T20:38:29
45,olivia.brown45@example.com,15426114587.0,Olivia Brown,2024-06-18T13:14:20
46,xavier.taylor46@example.com,,Xavier Taylor,2023-02-20T05:06:42
47,alice.johnson47@example.com,13003494763.0,Alice Johnson,2024-04-02T12:55:08
48,frank.sanchez48@example.com,,Frank Sanchez,2025-02-02T11:41:27
49,ivy.moore49@example.com,,Ivy Moore,2023-10-03T22:34:51
50,bob.anderson50@example.com,12375567059.0,Bob Anderson,2024-01-11T17:09:02
51,mona.lee51@example.com,,Mona Lee,2023-07-09T06:22:14
52,quinn.davis52@example.com,16998826542.0,Quinn Davis,2024-09-24T14:47:05
53,rose.thompson53@example.com,,Rose Thompson,2025-03-19T04:18:39
54,david.garcia54@example.com,16555790433.0,David Garcia,2023-05-28T09:58:22
55,tina.miller55@example.com,,Tina Miller,2024-03-30T18:27:49
56,uma.gonzalez56@example.com,,Uma Gonzalez,2023-12-26T11:31:40
57,nate.harris57@example.com,15869320901.0,Nate Harris,2024-05-15T07:45:27
58,olivia.perez58@example.com,,Olivia Perez,2023-08-22T20:06:58
59,grace.smith59@example.com,17160214470.0,Grace Smith,2024-10-14T00:54:06
60,hank.brown60@example.com,,Hank Brown,2023-04-06T03:12:17
